頻道,訊息ID,發送者,匹配檔案,票數,URL
108,1472478905972817992,Pokétwo#8236,963.png,23,https://cdn.discordapp.com/attachments/1468632828660158487/1472478906325008404/pokemon.jpg?ex=6a7ac058&is=6a796ed8&hm=6d7d8ee0340c561baa2629f9551cca90d698524ab8dc5801c058c7de1bdfdf73&
326,1472482157439094825,Pokétwo#8236,930.png,36,https://cdn.discordapp.com/attachments/1468632833068110124/1472482157510529145/pokemon.jpg?ex=6a7ac35f&is=6a7971df&hm=5c8865b2f0624d02b456014e9823da408cd37894ef3996d95e5133872960a294&
321,1478585390331068517,Pokétwo#8236,544.png,85,https://cdn.discordapp.com/attachments/1468632833068110119/1478585390427275294/pokemon.jpg?ex=6a7a8df3&is=6a793c73&hm=60d8e31519cda4a833bdf6868bd434e981d4b0cc3c73f694d4a532a09fbf7450&
163,1472387111247282271,Pokétwo#8236,977.png,50,https://cdn.discordapp.com/attachments/1468632829754867720/1472387111465521275/pokemon.jpg?ex=6a7a6adb&is=6a79195b&hm=18df24babd4a78035105a96c003c8459f5df55a5c9be123f1f6a499485459f8b&
441,1472239881353691442,Pokétwo#8236,436.png,8,https://cdn.discordapp.com/attachments/1468632834993295566/1472239881538506915/pokemon.jpg?ex=6a7a8a7c&is=6a7938fc&hm=b4a82685781760428844407eb5d122f1c7ca7f7ad75d0a461182d58497558104&
210,1472251707055542398,Pokétwo#8236,63.png,31,https://cdn.discordapp.com/attachments/1468632830627025122/1472251707382829216/pokemon.jpg?ex=6a7a9580&is=6a794400&hm=44baeac5f00ccdfd701a4666fdcb9de1e66e909437a3bef82bd52b34c1530d9b&
179,1472359385656459452,Pokétwo#8236,859.png,29,https://cdn.discordapp.com/attachments/1468632830069182488/1472359385983353017/pokemon.jpg?ex=6a7af9c8&is=6a79a848&hm=69400cc3a7eea90ef92c0520a87f3933e7644f31788a9ce99376132aee0dd561&
7,1472467832192372767,Pokétwo#8236,929.png,30,https://cdn.discordapp.com/attachments/1468632826202161266/1472467832473256187/pokemon.jpg?ex=6a7ab608&is=6a796488&hm=d2f6875a917637f75f280708e2775b8b54b46101c79f5bd4efe24824b0620b40&
285,1472485325480923310,Pokétwo#8236,29.png,62,https://cdn.discordapp.com/attachments/1468632832481169472/1472485325543571598/pokemon.jpg?ex=6a7ac653&is=6a7974d3&hm=7dfc5582b38dcaf3b721da2c914bcf4ef2830fc818231e3c6a2249018c57f3f2&
296,1472362054009487408,Pokétwo#8236,619.png,53,https://cdn.discordapp.com/attachments/1468632832627707939/1472362054131257457/pokemon.jpg?ex=6a7afc44&is=6a79aac4&hm=467fb78919a360652d9900344ae3cb2100d6a3c08c199b0ea70dfc58b0d6e8d8&
29,1472345680197587078,Pokétwo#8236,816.png,86,https://cdn.discordapp.com/attachments/1468632827095421051/1472345680272949441/pokemon.jpg?ex=6a7aed05&is=6a799b85&hm=a6d135126c8bbb95b5aa0e8cd3be4207b680df9bf12fa8f1ea6b480794da7f82&
383,1472392483013922987,Pokétwo#8236,418F.png,73,https://cdn.discordapp.com/attachments/1468632834016022632/1472392483114848378/pokemon.jpg?ex=6a7a6fdb&is=6a791e5b&hm=f95ab9429d319cfe6216e61e48a88a7a91f2220241139b1bf754be5234ae2f3c&
388,1472349352717582592,Pokétwo#8236,944.png,11,https://cdn.discordapp.com/attachments/1468632834016022637/1472349353048936591/pokemon.jpg?ex=6a7af070&is=6a799ef0&hm=e7cc79e6fe877181694706908edb206b9e511a03eb572442f4b4593e5c560fe5&
247,1472454162167103699,Pokétwo#8236,511.png,29,https://cdn.discordapp.com/attachments/1468632831742967914/1472454162368434374/pokemon.jpg?ex=6a7aa94d&is=6a7957cd&hm=cfd14fb33ba3500d5eb0ea64f4ae92956508409fb9953410dbd555f78a768c80&
195,1472445564586168576,Pokétwo#8236,10260.png,44,https://cdn.discordapp.com/attachments/1468632830463709194/1472445564770582680/pokemon.jpg?ex=6a7aa14b&is=6a794fcb&hm=49dc268fc310705f73bd2a010e3ec976a6854f0030a8afe199014b14f4950b25&
401,1472375857325674620,Pokétwo#8236,61.png,117,https://cdn.discordapp.com/attachments/1468632834335051904/1472375857401168105/pokemon.jpg?ex=6a7b091f&is=6a79b79f&hm=acaad6fda780ba3578dd0261539450076b9231fd85790760ff512dc036ef7f86&
237,1472236949011173438,Pokétwo#8236,728.png,38,https://cdn.discordapp.com/attachments/1468632831277142201/1472236949447118888/pokemon.jpg?ex=6a7a87c1&is=6a793641&hm=4e3da0a972f28fe23f4a1d60f11715b03ae08eae40b275770444d445f2982955&
279,1472446049783386206,Pokétwo#8236,60.png,128,https://cdn.discordapp.com/attachments/1468632832334364831/1472446050114732132/pokemon.jpg?ex=6a7aa1bf&is=6a79503f&hm=047818c55f302c34d510d38a3deb4ba30a1ed8d02a81394c26900e3cc59465d5&
470,1472460763498024992,Pokétwo#8236,664.png,31,https://cdn.discordapp.com/attachments/1468632835458863179/1472460763687030824/pokemon.jpg?ex=6a7aaf73&is=6a795df3&hm=12ffc4551318a0084f0d842287e939a2fd1acdb956f1113ec61d24997e0457a0&
316,1472421224545255424,Pokétwo#8236,10027.png,32,https://cdn.discordapp.com/attachments/1468632832925765791/1472421224675152025/pokemon.jpg?ex=6a7a8aa0&is=6a793920&hm=53c584305fa2bff771f8cdbe21ebc93a19cd0853053300253a16a27503d894f2&
254,1472489714261950596,Pokétwo#8236,29.png,58,https://cdn.discordapp.com/attachments/1468632831902355731/1472489714438377563/pokemon.jpg?ex=6a7aca69&is=6a7978e9&hm=60b7772eb594a4009dad1980febca100e8ebf85d02a30eefd8a606d24428b39a&
88,1472424796682715353,Pokétwo#8236,575.png,80,https://cdn.discordapp.com/attachments/1468632828152385631/1472424796771061830/pokemon.jpg?ex=6a7a8df3&is=6a793c73&hm=215772b9830df55c5258dea2dad681da7c9c987a3f8030525e7f73cad47ccaa8&
39,1472315036083949699,Pokétwo#8236,856.png,23,https://cdn.discordapp.com/attachments/1468632827217313978/1472315036201385994/pokemon.jpg?ex=6a7ad07a&is=6a797efa&hm=95e8a655aba5c33184afb083e1b05cde21d1aeac1d5f80880cc86aae6fa40c3c&
107,1472420701339255093,Pokétwo#8236,650.png,63,https://cdn.discordapp.com/attachments/1468632828660158486/1472420701855154197/pokemon.jpg?ex=6a7a8a23&is=6a7938a3&hm=b549d886df900d68fd3fe36d3d53059e72365434e4e3dfe5daf6dc7c2d341f2f&
182,1472421696958103625,Pokétwo#8236,175.png,152,https://cdn.discordapp.com/attachments/1468632830069182491/1472421697062699059/pokemon.jpg?ex=6a7a8b10&is=6a793990&hm=17e049617d97bd18405772772dea9bb4bcac1176b53ac75480a965062f056903&
464,1472478663894372423,Pokétwo#8236,653.png,59,https://cdn.discordapp.com/attachments/1468632835303936117/1472478664145764536/pokemon.jpg?ex=6a7ac01e&is=6a796e9e&hm=db15be3a205ccab877b0360cd01cb958f2eafdb8fcf6a3598901ad95dce834cc&
22,1472477908017610753,Pokétwo#8236,352.png,71,https://cdn.discordapp.com/attachments/1468632826847953115/1472477908516868156/pokemon.jpg?ex=6a7abf6a&is=6a796dea&hm=5e664e0b65a62b7082d0aefa22e324c541bc8b17a302600375a6727c7a13c046&
116,1472461573904928770,Pokétwo#8236,13.png,26,https://cdn.discordapp.com/attachments/1468632829008023552/1472461574206656624/pokemon.jpg?ex=6a7ab034&is=6a795eb4&hm=5a883b918781289759e3b8321147502df99269c3785c2540f1167986263c8736&
201,1472435251404865639,Pokétwo#8236,577.png,128,https://cdn.discordapp.com/attachments/1468632830463709201/1472435251472236730/pokemon.jpg?ex=6a7a97b0&is=6a794630&hm=74ea2e73837e01c7050486c9a40e6c6799c7b61d1bcefe998df4ee700163bb0d&
200,1472380726946042032,Pokétwo#8236,728.png,47,https://cdn.discordapp.com/attachments/1468632830463709199/1472380727038447741/pokemon.jpg?ex=6a7a64e8&is=6a791368&hm=56596bc85cbbc1f806c7d1421b85aab8abb7e9238aa5377e89f4668f7b3294df&
357,1472411882513240211,Pokétwo#8236,427.png,32,https://cdn.discordapp.com/attachments/1468632833634340884/1472411882957705337/pokemon.jpg?ex=6a7a81ec&is=6a79306c&hm=cf8a434e28ddd87817fd5b6b99d7891dba81bb8f693a616cde7c9c58f0180317&
175,1472467107026436219,Pokétwo#8236,43.png,67,https://cdn.discordapp.com/attachments/1468632830069182484/1472467107093676064/pokemon.jpg?ex=6a7ab55b&is=6a7963db&hm=e98f4b6879dd795f7ef17fc5a458b1a02ab97754bfa171901f6759d1ba878add&
155,1472402844706541745,Pokétwo#8236,177.png,69,https://cdn.discordapp.com/attachments/1468632829754867712/1472402844832497798/pokemon.jpg?ex=6a7a7982&is=6a792802&hm=ff4eade1346f395fe46d89fcea42a621e71c9463371c37bf71d7f399f3a6b649&
266,1472399631894974595,Pokétwo#8236,951.png,27,https://cdn.discordapp.com/attachments/1468632832208277735/1472399632171794673/pokemon.jpg?ex=6a7a7684&is=6a792504&hm=84e34a54bc61001172a4fb41dc882fbddee81440e0317fc2fb9fdc590a93927a&
287,1477528751138013184,Pokétwo#8236,137.png,8,https://cdn.discordapp.com/attachments/1468632832481169474/1477528751205253290/pokemon.jpg?ex=6a7aaa61&is=6a7958e1&hm=261ade82da74ee043fe351e992a90591fcb317b9d709234ebd1f0b284eeaa99b&
469,1472133930340585493,Pokétwo#8236,74.png,27,https://cdn.discordapp.com/attachments/1468632835458863178/1472133930873389158/pokemon.jpg?ex=6a7ad090&is=6a797f10&hm=f9f3b8b9043eb60b0dfc1af5c30df7d77ae151328649249662d7a9e3da611ab4&
447,1472226871688171618,Pokétwo#8236,133.png,41,https://cdn.discordapp.com/attachments/1468632834993295572/1472226871981899796/pokemon.jpg?ex=6a7a7e5e&is=6a792cde&hm=2d999e1d79b9d62a84ce9ce9aeeaf4a84544fdf794ce14dc0e8b08250de73fde&
215,1472220130179158056,Pokétwo#8236,35.png,75,https://cdn.discordapp.com/attachments/1468632830799122597/1472220130481279121/pokemon.jpg?ex=6a7a7817&is=6a792697&hm=94d7bb823fc013ae7abc990464dc5c0d2e86e8e9aeb3f9f90447e50fa2a9ea25&
26,1472429829755371624,Pokétwo#8236,759.png,115,https://cdn.discordapp.com/attachments/1468632826847953119/1472429829931667616/pokemon.jpg?ex=6a7a92a3&is=6a794123&hm=193211d58d15471a212296b9e876412de8305b7e7596e15551018f96a6465d28&
62,1472412126139252817,Pokétwo#8236,950.png,74,https://cdn.discordapp.com/attachments/1468632827523240147/1472412126508220599/pokemon.jpg?ex=6a7a8227&is=6a7930a7&hm=fae45f1a14ec6ba66c0e620bc33566d5df70e2ac064bf142e24e9094a82f4556&
157,1472436236546211932,Pokétwo#8236,662.png,42,https://cdn.discordapp.com/attachments/1468632829754867714/1472436236948869362/pokemon.jpg?ex=6a7a989b&is=6a79471b&hm=a4968247ef14a247c8580b16eeb09a040130468e20306edbf64bd1ba155d8f6d&
45,1472454655538626777,Pokétwo#8236,292.png,83,https://cdn.discordapp.com/attachments/1468632827217313984/1472454655991742534/pokemon.jpg?ex=6a7aa9c2&is=6a795842&hm=b0d383db69e54df866cb9610941247a63ef9e609da6596652d70b77a61f99f6b&
463,1472372422467522712,Pokétwo#8236,926.png,65,https://cdn.discordapp.com/attachments/1468632835303936116/1472372422584828100/pokemon.jpg?ex=6a7b05ec&is=6a79b46c&hm=d3cc4d8748219f2a9fdb9d38af474dd7477673ee60edd36dd86dd6bdfeec45d6&
59,1472284031084400868,Pokétwo#8236,759.png,111,https://cdn.discordapp.com/attachments/1468632827523240144/1472284031201837137/pokemon.jpg?ex=6a7ab39a&is=6a79621a&hm=907ee6869c872f3c17a1d98a907313ae93e4f1da6bb7b6b1c7657e0bb963f923&
54,1472353972713947356,Pokétwo#8236,610.png,76,https://cdn.discordapp.com/attachments/1468632827406061800/1472353972777124031/pokemon.jpg?ex=6a7af4be&is=6a79a33e&hm=5e778da82eea0fe7ad59f31555e8edb864c783d7077fdd74730c0a4fdfa912ae&
28,1472288912717119508,Pokétwo#8236,363.png,112,https://cdn.discordapp.com/attachments/1468632827095421050/1472288912893284483/pokemon.jpg?ex=6a7ab826&is=6a7966a6&hm=55797cadae057288659aa511e38271efc6f7f4ca47b8b3e10142a0e0d01a3f44&
156,1472426882577338478,Pokétwo#8236,10308.png,50,https://cdn.discordapp.com/attachments/1468632829754867713/1472426882640248913/pokemon.jpg?ex=6a7a8fe5&is=6a793e65&hm=45d67ab29b5276f45f5492810fb95ee66c108afe2c18635418cfee0d063da079&
339,1472438687437684809,Pokétwo#8236,502.png,44,https://cdn.discordapp.com/attachments/1468632833294860451/1472438687546478796/pokemon.jpg?ex=6a7a9ae3&is=6a794963&hm=0df1c91ddcb159fb301b3a1dbfdf097a09c7d3eed9ddb92dab9823486b4d1501&
9,1472402086670106828,Pokétwo#8236,10257.png,14,https://cdn.discordapp.com/attachments/1468632826495766793/1472402086913249433/pokemon.jpg?ex=6a7a78cd&is=6a79274d&hm=40bab9c18445eb3c48f1d73995d7d6d970df951477675ccc26284e297d4813d6&
136,1472419733512130662,Pokétwo#8236,885.png,8,https://cdn.discordapp.com/attachments/1468632829306081494/1472419733931556947/pokemon.jpg?ex=6a7a893c&is=6a7937bc&hm=eba90d3a2ad4e0e54c3002c502a8197f562d05afffdb0d3ba97c12a55771e638&
297,1472490681518919722,Pokétwo#8236,265.png,95,https://cdn.discordapp.com/attachments/1468632832627707940/1472490681963511858/pokemon.jpg?ex=6a7acb50&is=6a7979d0&hm=38f8e00e2d9f584eccc3de87bb5a77e8e31781f5cb76f5dc2c0c02314884546a&
60,1472440902772592784,Pokétwo#8236,699.png,59,https://cdn.discordapp.com/attachments/1468632827523240145/1472440902881513575/pokemon.jpg?ex=6a7a9cf3&is=6a794b73&hm=629689eb57687f1163cfc8efa7e6eb0c06860510dd600a8649ba093a2ce5d775&
299,1472387602555342970,Pokétwo#8236,597.png,109,https://cdn.discordapp.com/attachments/1468632832627707942/1472387602643681587/pokemon.jpg?ex=6a7a6b50&is=6a7919d0&hm=6c17f6107d656c362726f06dca2dcab58817a96cee2a3bdbd560d87046a8b5d4&
436,1472169200557621340,Pokétwo#8236,919.png,53,https://cdn.discordapp.com/attachments/1468632834817396825/1472169200889106514/pokemon.jpg?ex=6a7af169&is=6a799fe9&hm=dbade9be958f05fdae2c8e2077f8c2d17e1edb27ef724d2eb8e96c3c594b65c4&
214,1472435740276297783,Pokétwo#8236,231.png,79,https://cdn.discordapp.com/attachments/1468632830799122596/1472435740754575393/pokemon.jpg?ex=6a7a9825&is=6a7946a5&hm=0a5783ed469ae82e4b513b6f5975aae7ded3ab61bcc9d78235d4b835c6f75122&
231,1472491167152209994,Pokétwo#8236,953.png,17,https://cdn.discordapp.com/attachments/1468632831021551633/1472491167630364723/pokemon.jpg?ex=6a7acbc3&is=6a797a43&hm=f4a41a0688b10522bbb9ea5893fb10472df13989c8513a080b057a9a7d729495&
130,1472253922696630444,Pokétwo#8236,316.png,69,https://cdn.discordapp.com/attachments/1468632829150888133/1472253922805678214/pokemon.jpg?ex=6a7a9790&is=6a794610&hm=c94fcb6e4f5e70478c72892e205fbebbbe8f4a5218446cc1fc92aa5fa7afed6c&
320,1472471996452442144,Pokétwo#8236,976.png,42,https://cdn.discordapp.com/attachments/1468632833068110118/1472471997090107476/pokemon.jpg?ex=6a7ab9e9&is=6a796869&hm=83754d163e6bd3b4989dad6838dc415990a35171ce00c8d65678661ec40803f7&
385,1472348386714849381,Pokétwo#8236,24.png,99,https://cdn.discordapp.com/attachments/1468632834016022634/1472348386874101780/pokemon.jpg?ex=6a7aef8a&is=6a799e0a&hm=9a7df57b0dfe20b75b0d290d104bd751d237cf26b39a93e7045e2dcd9f8b1ae7&
372,1472491404973441098,Pokétwo#8236,11.png,111,https://cdn.discordapp.com/attachments/1468632833882067033/1472491405451460670/pokemon.jpg?ex=6a7acbfc&is=6a797a7c&hm=494bb173dc5cb3bfcff30edd31e212866fc616da523d7849f5f6222e6d2d9fa5&
278,1472283791568535603,Pokétwo#8236,532.png,88,https://cdn.discordapp.com/attachments/1468632832334364830/1472283791652290641/pokemon.jpg?ex=6a7ab361&is=6a7961e1&hm=61f551dc451f52a72c72323447cc469d0e997ccd7a42be76966210f71bd41f27&
376,1472416543756255446,Pokétwo#8236,258.png,72,https://cdn.discordapp.com/attachments/1468632833882067037/1472416544108711967/pokemon.jpg?ex=6a7a8644&is=6a7934c4&hm=04fa4ce3ff4dfe32b6656cb88e9bf7516af35f7a3e6a12b8f5c8f2d114f55b0d&
96,1472455619964436530,Pokétwo#8236,692.png,18,https://cdn.discordapp.com/attachments/1468632828152385639/1472455620102721577/pokemon.jpg?ex=6a7aaaa8&is=6a795928&hm=2963eda497f3bb5702ef1cab23071d8c49034b81b9f15207f7dbb8b4e2c2ee6a&
465,1472400607288623267,Pokétwo#8236,915.png,71,https://cdn.discordapp.com/attachments/1468632835303936118/1472400607737548967/pokemon.jpg?ex=6a7a776c&is=6a7925ec&hm=d09ef5286d0f5d89bffd6b5ff53b01b29f41b7acbcf258cc686163bce8def311&
374,1472471507060920553,Pokétwo#8236,582.png,31,https://cdn.discordapp.com/attachments/1468632833882067035/1472471507140608132/pokemon.jpg?ex=6a7ab974&is=6a7967f4&hm=595642abb44545e052197e21b8cbc9230bcb817c51958c5d06be189c2fdffebc&
232,1482909743512289355,Pokétwo#8236,187.png,37,https://cdn.discordapp.com/attachments/1468632831021551634/1482909743780597970/pokemon.jpg?ex=6a7a7752&is=6a7925d2&hm=2c8a3894768fb7e5ffa84f5a1e6badb31718a7adecf3508bb199fd4cfee7fab5&
76,1472490199367024794,Pokétwo#8236,854.png,54,https://cdn.discordapp.com/attachments/1468632827678560293/1472490199585001626/pokemon.jpg?ex=6a7acadd&is=6a79795d&hm=5e2f2d261cb66a9591601f5ce9750f20558c867f54df95602f885e36288e3a7b&
181,1472170631792689203,Pokétwo#8236,171.png,45,https://cdn.discordapp.com/attachments/1468632830069182490/1472170631922585641/pokemon.jpg?ex=6a7af2be&is=6a79a13e&hm=451ed1d30a31b62f2c78312124ca842d47f807291c761159f972860dcbde3790&
92,1472206772264636541,Pokétwo#8236,921.png,107,https://cdn.discordapp.com/attachments/1468632828152385635/1472206772797440101/pokemon.jpg?ex=6a7a6ba6&is=6a791a26&hm=fbfd2218394127cf208861b9cf76d0d16ef63bd773bc97a29d09102e7b3132dd&
257,1472265177561960570,Pokétwo#8236,709.png,33,https://cdn.discordapp.com/attachments/1468632831902355734/1472265177758957569/pokemon.jpg?ex=6a7aa20b&is=6a79508b&hm=7f8a993975fdaae53cf350dcc2fbb50f644408149e19212f76094df489da46c5&
335,1472372172935921886,Pokétwo#8236,360.png,80,https://cdn.discordapp.com/attachments/1468632833294860447/1472372173392842844/pokemon.jpg?ex=6a7b05b1&is=6a79b431&hm=924cb694f197d036a934d9b419c7c6011def16277b8d35478053cdd0767c76a9&
223,1472470530857762950,Pokétwo#8236,1.png,75,https://cdn.discordapp.com/attachments/1468632830799122605/1472470530928934967/pokemon.jpg?ex=6a7ab88b&is=6a79670b&hm=b346b92d195d7e4815e1cef38d85cd2db0812254d5cb3aca9d82f95854ddb21a&
462,1472040436645498911,Pokétwo#8236,540.png,104,https://cdn.discordapp.com/attachments/1468632835303936115/1472040437501132831/pokemon.jpg?ex=6a7a797d&is=6a7927fd&hm=3385e6e77aeefbb81fb2a55cfe743645d5e3a3827f5da4d5cdfcf5e4c05ca96b&
328,1472299544522915880,Pokétwo#8236,50.png,110,https://cdn.discordapp.com/attachments/1468632833068110126/1472299544585834612/pokemon.jpg?ex=6a7ac20d&is=6a79708d&hm=0e510d6e1cd5d791c9c9f9c3d47f7cc4fa5947a988a50db2c6b5edbe181500e6&
172,1472386374115004517,Pokétwo#8236,559.png,62,https://cdn.discordapp.com/attachments/1468632829897478161/1472386374173982872/pokemon.jpg?ex=6a7a6a2b&is=6a7918ab&hm=05224e53ec09c9bf8890ab6334ba241dd2e4fa6d4c7474aabc8b5b340ddc6c56&
68,1472474980783751312,Pokétwo#8236,509.png,77,https://cdn.discordapp.com/attachments/1468632827678560285/1472474980951392414/pokemon.jpg?ex=6a7abcb0&is=6a796b30&hm=6dbf96c51720b3fbc4479ee5d221e61c684098610944ae63b25e776384e2e00d&
353,1472468556603195456,Pokétwo#8236,511.png,21,https://cdn.discordapp.com/attachments/1468632833634340880/1472468556867309791/pokemon.jpg?ex=6a7ab6b5&is=6a796535&hm=50d64cc2fb1f028c14cab0c793d9435d7e8fa8e374d538b9bda7711fb1127c29&
98,1472337300712325192,Pokétwo#8236,580.png,74,https://cdn.discordapp.com/attachments/1468632828362358950/1472337300816920586/pokemon.jpg?ex=6a7ae537&is=6a7993b7&hm=4a96beed6fbf9b340f6ad12a814a525e51a85011205346061266def240ae838f&
212,1472339497327919177,Pokétwo#8236,516.png,54,https://cdn.discordapp.com/attachments/1468632830627025124/1472339497730707496/pokemon.jpg?ex=6a7ae743&is=6a7995c3&hm=9a744d6e0fa99096ddd34e853ea1be2c42cc0ea9aeecbc04dec92fa00413be63&
184,1472322009798021314,Pokétwo#8236,239.png,29,https://cdn.discordapp.com/attachments/1468632830069182493/1472322010292944956/pokemon.jpg?ex=6a7ad6f9&is=6a798579&hm=8cbeb65cba1c597aeb9214c45f47d09df35d152343bedf723840f9a15ac05eea&
191,1472456837172559923,Pokétwo#8236,917.png,34,https://cdn.discordapp.com/attachments/1468632830262251617/1472456839097614346/pokemon.jpg?ex=6a7aabcb&is=6a795a4b&hm=376d425a51be7f3440bc5d83a8f64aa4d5372ce320d05b9d7de5595f14cad21f&
37,1472329934461468742,Pokétwo#8236,630.png,44,https://cdn.discordapp.com/attachments/1468632827095421059/1472329934578913463/pokemon.jpg?ex=6a7ade5a&is=6a798cda&hm=ad652d3fd4c8aa041438d9299561dcd59595aa4626fabfff14b41824f84b0400&
17,1472282311105056898,Pokétwo#8236,137.png,117,https://cdn.discordapp.com/attachments/1468632826495766801/1472282311184744548/pokemon.jpg?ex=6a7ab200&is=6a796080&hm=c102e4316a19fdb75861c82d89195691c9b4164818d3a8d5c1b96ead9534d5f6&
228,1472465879311712307,Pokétwo#8236,923.png,14,https://cdn.discordapp.com/attachments/1468632831021551630/1472465879403991092/pokemon.jpg?ex=6a7ab436&is=6a7962b6&hm=9d3c4c967d1644ed3e8d52725e2ec32b51e559acbc91d849d6fccef735b5c463&
261,1472345434843517038,Pokétwo#8236,67.png,47,https://cdn.discordapp.com/attachments/1468632832208277730/1472345435103559760/pokemon.jpg?ex=6a7aecca&is=6a799b4a&hm=3375be6b2da3fb927207c58ce76fb7e7c92dd0155a5c34065c653c1b9dfb9798&
53,1475759457504989188,Pokétwo#8236,20003.png,44,https://cdn.discordapp.com/attachments/1468632827406061799/1475759457878151321/pokemon.jpg?ex=6a7ad219&is=6a798099&hm=b2064b7a69768a8ea82128596709585ff74712b1338797672016b52571638235&
267,1472479428511662143,Pokétwo#8236,739.png,21,https://cdn.discordapp.com/attachments/1468632832208277736/1472479428562129078/pokemon.jpg?ex=6a7ac0d5&is=6a796f55&hm=f228209f1b92fd19ca699c9fb7396254fc92346f915fd6bc0de6f2644d33b77a&
72,1472424405492830346,Pokétwo#8236,63.png,35,https://cdn.discordapp.com/attachments/1468632827678560289/1472424405635305523/pokemon.jpg?ex=6a7a8d96&is=6a793c16&hm=f6a1c99cb741ce1d862b136e8d647a067c3cfdf6397f0ce135ede1794da1e50f&
422,1472461245977333896,Pokétwo#8236,81.png,66,https://cdn.discordapp.com/attachments/1468632834624454954/1472461246484971631/pokemon.jpg?ex=6a7aafe6&is=6a795e66&hm=34fd9d88f3ab8817b44330d79064592892242389ae6b243e061a1a1d304d18a8&
250,1472374389331984547,Pokétwo#8236,246.png,66,https://cdn.discordapp.com/attachments/1468632831742967917/1472374389717729310/pokemon.jpg?ex=6a7b07c1&is=6a79b641&hm=84ece46ed21748eb88bfd8b46afdd9a1d15d98c6bf16502180c747c2c3aa5aaf&
364,1472475944966033448,Pokétwo#8236,187.png,33,https://cdn.discordapp.com/attachments/1468632833752039521/1472475945309835361/pokemon.jpg?ex=6a7abd96&is=6a796c16&hm=b9f6df0226b2c39cc366cebf7c8bbaad694c34e3c717b679ed3ac913094b36b9&
313,1472301556123828460,Pokétwo#8236,41.png,11,https://cdn.discordapp.com/attachments/1468632832925765788/1472301556350058496/pokemon.jpg?ex=6a7ac3ed&is=6a79726d&hm=ac12b921ef49f6ac0a53cee3eb1d9286468fc1af3f9d0a00ba081481cb4f2670&
281,1472303289101062448,Pokétwo#8236,847.png,57,https://cdn.discordapp.com/attachments/1468632832481169468/1472303289797185718/pokemon.jpg?ex=6a7ac58a&is=6a79740a&hm=4caf278191bad32cfff39a67d4fbc123352542985bcacf26dd4d8dcecec007fd&
256,1472329439185469636,Pokétwo#8236,183.png,58,https://cdn.discordapp.com/attachments/1468632831902355733/1472329439609229332/pokemon.jpg?ex=6a7adde4&is=6a798c64&hm=374667047b18becc10e97bf91ade1ec90915272ee4c41190106da9475ef0aa17&
471,1472433766629900454,Pokétwo#8236,856.png,47,https://cdn.discordapp.com/attachments/1468632835458863180/1472433766688493689/pokemon.jpg?ex=6a7a964e&is=6a7944ce&hm=75260a394ec5a77d6e9678f4076b94b3c877ec76ee5d83c703ee0234680935fd&
449,1472323520972460218,Pokétwo#8236,63.png,48,https://cdn.discordapp.com/attachments/1468632835131965461/1472323521068925133/pokemon.jpg?ex=6a7ad861&is=6a7986e1&hm=68f62698e5f3bd11501c71b2f319869e0058c0527c836a36134f577000df516d&
274,1472174303943462923,Pokétwo#8236,371.png,112,https://cdn.discordapp.com/attachments/1468632832334364826/1472174304446775410/pokemon.jpg?ex=6a7af629&is=6a79a4a9&hm=798fdbe4746be28626dc63bcc5cf1661529bd59130662304f1456b5f0133a964&
249,1472187116455858228,Pokétwo#8236,926.png,61,https://cdn.discordapp.com/attachments/1468632831742967916/1472187116598595786/pokemon.jpg?ex=6a7b0218&is=6a79b098&hm=b43507c4cfb1813c133587cab2593b6597ee0dc1841f447a916490a924cd553b&
355,1472457572282794156,Pokétwo#8236,679.png,73,https://cdn.discordapp.com/attachments/1468632833634340882/1472457572471668776/pokemon.jpg?ex=6a7aac7a&is=6a795afa&hm=1c0040beb8367487103b6d8b45f3e1737b7dfd05a97816824455003774c957dd&
118,1472431541811675257,Pokétwo#8236,599.png,27,https://cdn.discordapp.com/attachments/1468632829008023554/1472431541878522019/pokemon.jpg?ex=6a7a943c&is=6a7942bc&hm=137327b5a221d2c71af43f0ce3d84efc0fce09229bf8fcf6d4e77705a563017e&
439,1472262231658991657,Pokétwo#8236,265.png,92,https://cdn.discordapp.com/attachments/1468632834993295564/1472262232028221451/pokemon.jpg?ex=6a7a9f4d&is=6a794dcd&hm=d6db61f3ee70bbeba99b63ab7399e10c5f74b4a6a77014b4d0e9ff7871705f5a&
336,1472360616671973580,Pokétwo#8236,92.png,89,https://cdn.discordapp.com/attachments/1468632833294860448/1472360617049325769/pokemon.jpg?ex=6a7afaee&is=6a79a96e&hm=6ac02054f064faf010405bb306ec3cc35cf56e1d4cc3ec612e2c57c2b861743f&
413,1472426620525478122,Pokétwo#8236,932.png,79,https://cdn.discordapp.com/attachments/1468632834485784823/1472426620676739165/pokemon.jpg?ex=6a7a8fa6&is=6a793e26&hm=2d9e4fdb9576e06142532df2e80fffba9b74d410e1b481ecf0addb0c37b2cb10&
283,1472449981716893854,Pokétwo#8236,519.png,64,https://cdn.discordapp.com/attachments/1468632832481169470/1472449982249435156/pokemon.jpg?ex=6a7aa568&is=6a7953e8&hm=fcdb4afe1193c1593b913bfad6874d0361e8651a519ee61c530dd17d319dedaf&
437,1472424156074213418,Pokétwo#8236,513.png,68,https://cdn.discordapp.com/attachments/1468632834817396826/1472424156300710090/pokemon.jpg?ex=6a7a8d5b&is=6a793bdb&hm=6dc7f193802737e3ed2dd980a0349b53a2570a016201ad294f03d8ae340a1d93&
480,1472356459001155585,Pokétwo#8236,912.png,33,https://cdn.discordapp.com/attachments/1468632835911979041/1472356459252547667/pokemon.jpg?ex=6a7af70e&is=6a79a58e&hm=09a6d531a6cf865cdc846b191c6f44112344b0d1c03ed412b77fccc4b6c2746d&
44,1472452441562808454,Pokétwo#8236,932.png,86,https://cdn.discordapp.com/attachments/1468632827217313983/1472452441982373898/pokemon.jpg?ex=6a7aa7b3&is=6a795633&hm=cfd7811c4f85e42b64b5a458d35233f863bee730d57a6ebb36cbc0294c6ac72c&
19,1472485810346659851,Pokétwo#8236,946.png,36,https://cdn.discordapp.com/attachments/1468632826847953112/1472485810677747805/pokemon.jpg?ex=6a7ac6c6&is=6a797546&hm=f54b86d9bd6dbdca46b707f4d6b71d31d516e86bda460e4c4c8c204c61c30b37&
485,1472482892180361227,Pokétwo#8236,577.png,166,https://cdn.discordapp.com/attachments/1468632835911979046/1472482892495061177/pokemon.jpg?ex=6a7ac40e&is=6a79728e&hm=6b5ff39f150d357df739c940206bf78a644f567ebdb0a395087df0cf6fb09030&
423,1472427846529060937,Pokétwo#8236,355.png,73,https://cdn.discordapp.com/attachments/1468632834624454955/1472427846977720463/pokemon.jpg?ex=6a7a90cb&is=6a793f4b&hm=9b912fcf846fc6ae3efb3161b9d37c933531549966a51c9568e85252cd024140&
317,1472307302114529444,Pokétwo#8236,857.png,49,https://cdn.discordapp.com/attachments/1468632832925765792/1472307302295142542/pokemon.jpg?ex=6a7ac947&is=6a7977c7&hm=b9df202015532215cd5f0f9aeb379e22ac121fafd2293fc785c181bf7a6e1548&
253,1472405793453379665,Pokétwo#8236,41.png,9,https://cdn.discordapp.com/attachments/1468632831902355730/1472405793738457201/pokemon.jpg?ex=6a7a7c41&is=6a792ac1&hm=c5b9416bdbd29c9067c98d7df9b431c5d50abcefea90beee14b35b701a11d424&
466,1472249514265018571,Pokétwo#8236,152.png,98,https://cdn.discordapp.com/attachments/1468632835303936119/1472249514365685760/pokemon.jpg?ex=6a7a9375&is=6a7941f5&hm=2039a55f27c90f205211a134d3b0c72b5821915a414ff13cbc1ce87dda4e77a8&
218,1472138088103940159,Pokétwo#8236,935.png,23,https://cdn.discordapp.com/attachments/1468632830799122600/1472138088380895253/pokemon.jpg?ex=6a7ad46f&is=6a7982ef&hm=92d2e7436347d925ff1dccddbf8a312088f4ba212f5e4d065d4ff96f40927728&
23,1472470038198882385,Pokétwo#8236,177.png,66,https://cdn.discordapp.com/attachments/1468632826847953116/1472470038316454033/pokemon.jpg?ex=6a7ab816&is=6a796696&hm=693414ff12ea7daab724dab667a693b26d447b82d9e6b6f1dab6034c82a4411e&
84,1472316805468127282,Pokétwo#8236,60.png,122,https://cdn.discordapp.com/attachments/1468632827947126823/1472316805551751343/pokemon.jpg?ex=6a7ad220&is=6a7980a0&hm=d27de4cc38e647fc1f0ede560c9f206e082c2dfe7096d00f54785b5a0e349ee0&
290,1472487267833483328,Pokétwo#8236,136.png,79,https://cdn.discordapp.com/attachments/1468632832481169477/1472487268374675527/pokemon.jpg?ex=6a7ac822&is=6a7976a2&hm=5a2f2b60f4875140c0ee7739d18de0b07c68a156c059d8c1396530150fb20a44&
90,1472185665381732427,Pokétwo#8236,64.png,66,https://cdn.discordapp.com/attachments/1468632828152385633/1472185665998422159/pokemon.jpg?ex=6a7b00be&is=6a79af3e&hm=4bc4c6e626976cbb222cdd232cafcb891737657e6811776b2dac046ea28600ff&
12,1472229832388513997,Pokétwo#8236,304.png,105,https://cdn.discordapp.com/attachments/1468632826495766796/1472229832804007946/pokemon.jpg?ex=6a7a8120&is=6a792fa0&hm=fb06d37b555da36ddf993ed62e837ec9c2253448c702d6d59987813ed238e671&
153,1472293583473213632,Pokétwo#8236,74.png,47,https://cdn.discordapp.com/attachments/1468632829540827184/1472293583556968479/pokemon.jpg?ex=6a7abc80&is=6a796b00&hm=9221807d112b2e6f83ac2de6652a32d38e730b0363cf28724afe82f53be387c7&
24,1472475223000354903,Pokétwo#8236,216.png,102,https://cdn.discordapp.com/attachments/1468632826847953117/1472475223805792277/pokemon.jpg?ex=6a7abcea&is=6a796b6a&hm=49c9abe10daa436ca3f842f067611d5088a28e5760a1f4e2f42709cd63290feb&
103,1472403091503452243,Pokétwo#8236,599.png,95,https://cdn.discordapp.com/attachments/1468632828362358956/1472403091570819266/pokemon.jpg?ex=6a7a79bc&is=6a79283c&hm=fd0e1f3f4ea6ec71300b11aedded57864e272ba17973b1e6c7883d2794696bb7&
255,1472471257487245376,Pokétwo#8236,940.png,52,https://cdn.discordapp.com/attachments/1468632831902355732/1472471257575592137/pokemon.jpg?ex=6a7ab938&is=6a7967b8&hm=aa56c9792ca4b1f2929dab915391335d6364a8c8b32743e13594c5fc20d05d92&
410,1472455862542143660,Pokétwo#8236,133F.png,65,https://cdn.discordapp.com/attachments/1468632834485784820/1472455862634151990/pokemon.jpg?ex=6a7aaae2&is=6a795962&hm=b91aab327f18909236de0168b1b007fe669184622d82602095017a5e92a745f0&
238,1472448272533684510,Pokétwo#8236,218.png,40,https://cdn.discordapp.com/attachments/1468632831277142202/1472448272810643590/pokemon.jpg?ex=6a7aa3d1&is=6a795251&hm=aeb7a492b222e3a5484cd6fb827889d8de32b6f6096114ea517667b009f1a8c5&
354,1472360857517293857,Pokétwo#8236,950.png,64,https://cdn.discordapp.com/attachments/1468632833634340881/1472360858003701921/pokemon.jpg?ex=6a7afb27&is=6a79a9a7&hm=60916c01be7a7b5738788e57b6c8a016afa0cc9cbb46cc7490bee5da70fdc62a&
63,1472491696377041069,Pokétwo#8236,92.png,64,https://cdn.discordapp.com/attachments/1468632827523240148/1472491696498413813/pokemon.jpg?ex=6a7acc42&is=6a797ac2&hm=4e9dc2eb3beb071341b72a5dd5f19c394d932e5d7874c702836fa330dfb14e63&
46,1472126702691024969,Pokétwo#8236,610.png,107,https://cdn.discordapp.com/attachments/1468632827217313985/1472126703076642856/pokemon.jpg?ex=6a7ac9d4&is=6a797854&hm=8f941cf07fee5bb82f68c4f24aa9c40c8d60c6108f0fcdf654ea64ad366b4c76&
382,1472439675984810253,Pokétwo#8236,331.png,105,https://cdn.discordapp.com/attachments/1468632834016022631/1472439676127150151/pokemon.jpg?ex=6a7a9bcf&is=6a794a4f&hm=9abac0992f6453126306c3a5150f1a7f4ff3101c64f98e6199266b506fb4d7a2&
347,1472445314953908314,Pokétwo#8236,37.png,34,https://cdn.discordapp.com/attachments/1468632833475219593/1472445315167551660/pokemon.jpg?ex=6a7aa10f&is=6a794f8f&hm=39e45659831e08d431cca4faf8a191a99e79ff202b4ab35c8a38e2514f6195b9&
213,1472422668086153371,Pokétwo#8236,524.png,89,https://cdn.discordapp.com/attachments/1468632830627025125/1472422668643860522/pokemon.jpg?ex=6a7a8bf8&is=6a793a78&hm=b5881b03b478e483806a3d85427d953d374baf614ce26f61366e8756981e20e0&
42,1472462939964444813,Pokétwo#8236,813.png,56,https://cdn.discordapp.com/attachments/1468632827217313981/1472462940056715421/pokemon.jpg?ex=6a7ab179&is=6a795ff9&hm=3874f1994954b9370381c3d55e1f7073d96196a827c55f005afc6f91e533d079&
360,1472471013697650803,Pokétwo#8236,731.png,48,https://cdn.discordapp.com/attachments/1468632833752039517/1472471013986930770/pokemon.jpg?ex=6a7ab8fe&is=6a79677e&hm=7428c2b0847d7480284b2f751139c823ba7b7aee922941e713a79315a67395a1&
251,1472359638388445296,Pokétwo#8236,747.png,8,https://cdn.discordapp.com/attachments/1468632831902355728/1472359638732243016/pokemon.jpg?ex=6a7afa04&is=6a79a884&hm=231e58fb31926460f309098f0fe009c9593088cc64daeb5b465932efccd08b77&
145,1472413360908800023,Pokétwo#8236,218.png,68,https://cdn.discordapp.com/attachments/1468632829306081503/1472413361294803249/pokemon.jpg?ex=6a7a834d&is=6a7931cd&hm=ad927f1582d3060bcdeaaf6027831e3f0c8fef90af4f03baafec34ddc4e4dc15&
476,1472333871269024018,Pokétwo#8236,73.png,62,https://cdn.discordapp.com/attachments/1468632835458863185/1472333871386460240/pokemon.jpg?ex=6a7ae205&is=6a799085&hm=6d61b796bd36802b455d0ac4cb85cc091bc114cba1f0dc883f22d1073e2620cf&
428,1472489958169120800,Pokétwo#8236,175.png,84,https://cdn.discordapp.com/attachments/1468632834817396817/1472489958236356723/pokemon.jpg?ex=6a7acaa3&is=6a797923&hm=b45cc6376d69a36ede75162954e9c1baafc807f02b8d16648cbfbee62fbb86a1&
421,1472429588222050406,Pokétwo#8236,932.png,104,https://cdn.discordapp.com/attachments/1468632834624454953/1472429588423381214/pokemon.jpg?ex=6a7a926a&is=6a7940ea&hm=8c32b6913286a71ebdf1aa99d3855308c14d0880a02997222f12b1c54757c402&
268,1472324771353198689,Pokétwo#8236,10.png,87,https://cdn.discordapp.com/attachments/1468632832208277737/1472324771822964872/pokemon.jpg?ex=6a7ad98c&is=6a79880c&hm=28a9dd9a4eb053fde19d5cf5d0029df3ed9ba555d0c16dc3a371bd29dc14c290&
36,1472319526346424332,Pokétwo#8236,751.png,15,https://cdn.discordapp.com/attachments/1468632827095421058/1472319527030100132/pokemon.jpg?ex=6a7ad4a9&is=6a798329&hm=433b32e53d10d8482842b1ffe69a1dc973858aa7ca43ba548152e95a53309ba3&
31,1472484119886827675,Pokétwo#8236,536.png,151,https://cdn.discordapp.com/attachments/1468632827095421053/1472484120432218226/pokemon.jpg?ex=6a7ac533&is=6a7973b3&hm=c46f119dec11efb1b6b57333de7f990373653688058a107262ce0ae95e0b6c8c&
230,1472432035648901173,Pokétwo#8236,92.png,86,https://cdn.discordapp.com/attachments/1468632831021551632/1472432035984576555/pokemon.jpg?ex=6a7a94b1&is=6a794331&hm=0165d5d476e98769f90c0b0f3be3f698e94890adec4e707891161bd2a7e23458&
381,1472443826395418715,Pokétwo#8236,669.png,64,https://cdn.discordapp.com/attachments/1468632834016022630/1472443826479173837/pokemon.jpg?ex=6a7a9fac&is=6a794e2c&hm=7e28413a65748b9de23f2eb555d7f4de4126f91a622fb426e4fd5f447cc1bb21&
488,1472363328826507264,Pokétwo#8236,218.png,39,https://cdn.discordapp.com/attachments/1468632836264431759/1472363328935297044/pokemon.jpg?ex=6a7afd74&is=6a79abf4&hm=48f7b3dc274171ed503b60c75d132607c31dd35dda0647d5fc0a96d366bd5c61&
303,1472395688284258457,Pokétwo#8236,926.png,76,https://cdn.discordapp.com/attachments/1468632832783155437/1472395688691372134/pokemon.jpg?ex=6a7a72d7&is=6a792157&hm=1364609cfb832cd688881bfafca80a56b064837370058d6ae273309eae1bbdb9&
403,1472181956253974703,Pokétwo#8236,111F.png,67,https://cdn.discordapp.com/attachments/1468632834335051906/1472181956321218653/pokemon.jpg?ex=6a7afd4a&is=6a79abca&hm=af8b7e194af138b150f1efab2fdd252906a4c712f584f8cc7b32a4721a6d8e08&
70,1472179254337998954,Pokétwo#8236,334.png,80,https://cdn.discordapp.com/attachments/1468632827678560287/1472179254912487606/pokemon.jpg?ex=6a7afac6&is=6a79a946&hm=6cc616ff179f62dc4c799a93cddcd19a96bd2290da6020ff46510b35a45fc70a&
332,1472217171902992424,Pokétwo#8236,296.png,96,https://cdn.discordapp.com/attachments/1468632833294860444/1472217171965771889/pokemon.jpg?ex=6a7a7556&is=6a7923d6&hm=5ff1dfcfcc8bfbdb67780aea46e508764bea6dd36aa8a050b21cbc6adcdc2636&
319,1472461732453810226,Pokétwo#8236,270.png,40,https://cdn.discordapp.com/attachments/1468632832925765794/1472461732659335240/pokemon.jpg?ex=6a7ab05a&is=6a795eda&hm=c12fbe08cc9e756243248794de39a7738b5e4cbf4ecd8cc13c5546f1cb79faa6&
292,1472383445240905913,Pokétwo#8236,749.png,39,https://cdn.discordapp.com/attachments/1468632832627707935/1472383445769654332/pokemon.jpg?ex=6a7a6771&is=6a7915f1&hm=8e9b6ebc767aff1850e2ab699591ade98b3167273340280246c2f49494b86bb0&
85,1472298566952423486,Pokétwo#8236,287.png,106,https://cdn.discordapp.com/attachments/1468632827947126824/1472298567182979156/pokemon.jpg?ex=6a7ac124&is=6a796fa4&hm=c6599071bd40cdcc4259311728cc114cc86b65c3eb11a395eb028f234a492e0b&
448,1472431301800886434,Pokétwo#8236,744.png,45,https://cdn.discordapp.com/attachments/1468632835131965460/1472431301880709201/pokemon.jpg?ex=6a7a9402&is=6a794282&hm=27f975b5be342c13ecda095978ee12e5174964178bb4c33da035d542c0b889ae&
330,1472251464784023604,Pokétwo#8236,921.png,77,https://cdn.discordapp.com/attachments/1468632833294860442/1472251465249853626/pokemon.jpg?ex=6a7a9546&is=6a7943c6&hm=e825fc3db8e4be18e0f1a655fb6af24c766b2dd8390f6af6060db812721f7710&
165,1472302784937332836,Pokétwo#8236,396F.png,52,https://cdn.discordapp.com/attachments/1468632829897478154/1472302785176273043/pokemon.jpg?ex=6a7ac512&is=6a797392&hm=d2e75752c077a2314e1cad6a60900a68e2e6c9bc048cda0d360d3ce318f1be8a&
426,1472384429564629159,Pokétwo#8236,860.png,19,https://cdn.discordapp.com/attachments/1468632834624454958/1472384430059421888/pokemon.jpg?ex=6a7a685b&is=6a7916db&hm=f3f237f0e1ac231e6fc94a6d2f6ddd2ceca34a584cc198aa7077bdcf805dc5c2&
159,1472384673354219631,Pokétwo#8236,957.png,62,https://cdn.discordapp.com/attachments/1468632829754867716/1472384673425526835/pokemon.jpg?ex=6a7a6895&is=6a791715&hm=09a903f710867160c101e8b67a06332aed2de44e302ae5527e09cc2c484a0b72&
333,1472456585962852512,Pokétwo#8236,431.png,22,https://cdn.discordapp.com/attachments/1468632833294860445/1472456586042802186/pokemon.jpg?ex=6a7aab8f&is=6a795a0f&hm=e54593ff46fb00e719c6763d5db2171fb1e1cf5f907fda46a67c4698e8e9c937&
473,1472403567011827813,Pokétwo#8236,919.png,65,https://cdn.discordapp.com/attachments/1468632835458863182/1472403567275937855/pokemon.jpg?ex=6a7a7a2e&is=6a7928ae&hm=63c3839af406e5eb5db2a35330e528fb72940be4d607ca6071a63fd370423f58&
377,1472031818218733744,Pokétwo#8236,952.png,16,https://cdn.discordapp.com/attachments/1468632833882067038/1472031818537767089/pokemon.jpg?ex=6a7a7176&is=6a791ff6&hm=7531937038cfbee9e892aaac1c64ab8d0df3f82f915d5598b69edc21067ab265&
397,1472483134053286042,Pokétwo#8236,122.png,25,https://cdn.discordapp.com/attachments/1468632834167275825/1472483134170857574/pokemon.jpg?ex=6a7ac448&is=6a7972c8&hm=7f6ed7f1326e4d428d493ee398e07ad2f31825e572e7e35a3a89e6cdd0e40944&
271,1472432771585675275,Pokétwo#8236,681.png,109,https://cdn.discordapp.com/attachments/1468632832334364823/1472432772131065947/pokemon.jpg?ex=6a7a9561&is=6a7943e1&hm=f53d63a45f7b32501bead10972d1ebe7fd461ca2f4a199e1e462b3c45af8117e&
144,1472378058479501375,Pokétwo#8236,19F.png,49,https://cdn.discordapp.com/attachments/1468632829306081502/1472378058546741403/pokemon.jpg?ex=6a7a626c&is=6a7910ec&hm=38ffaf991e9190ede745db0d637df074075c94f537280ecbd63b17a2620fa176&
197,1472448765070671986,Pokétwo#8236,374.png,52,https://cdn.discordapp.com/attachments/1468632830463709196/1472448765221802037/pokemon.jpg?ex=6a7aa446&is=6a7952c6&hm=ab067b79078c7e652d7d4511d9ed4d9a8481623323713d8d52a62e065f334474&
306,1472234505954660383,Pokétwo#8236,318.png,110,https://cdn.discordapp.com/attachments/1468632832783155440/1472234506093330513/pokemon.jpg?ex=6a7a857b&is=6a7933fb&hm=fceeb54de189bbe8c7e808087b390e7494efd3c735140b31ded34cb193ab783a&
359,1472486534149050391,Pokétwo#8236,4.png,40,https://cdn.discordapp.com/attachments/1468632833752039516/1472486534669402282/pokemon.jpg?ex=6a7ac773&is=6a7975f3&hm=61e89ca90664e34be3cd325a8b8fc94c1583455523a5388aa58474edee4924e0&
233,1472374878316531910,Pokétwo#8236,955.png,61,https://cdn.discordapp.com/attachments/1468632831021551635/1472374878714724453/pokemon.jpg?ex=6a7b0836&is=6a79b6b6&hm=9f8da95a41a18a8a877ed4034ea3bdce230ed3f035409c2663b76145fe228c98&
245,1472317781599977548,Pokétwo#8236,694.png,65,https://cdn.discordapp.com/attachments/1468632831742967912/1472317781851639818/pokemon.jpg?ex=6a7ad309&is=6a798189&hm=4e8d170c5234c02dd37548c3ef4aecac9e6eaf2d67bf7e6d00da3133729daadb&
244,1472350821860507650,Pokétwo#8236,970.png,31,https://cdn.discordapp.com/attachments/1468632831742967911/1472350822040993933/pokemon.jpg?ex=6a7af1ce&is=6a79a04e&hm=1b3a46753f85fdbda00bfa2e95a49443e14c85df012e8c876321a1978a2e1e08&
208,1472393965478084816,Pokétwo#8236,634.png,28,https://cdn.discordapp.com/attachments/1468632830627025120/1472393965897650462/pokemon.jpg?ex=6a7a713d&is=6a791fbd&hm=b6e2a52ab1af0173238a558140c7d090739ed6e19dd39b38c8574d9b88a78b44&
38,1472453917974593559,Pokétwo#8236,273.png,60,https://cdn.discordapp.com/attachments/1468632827217313977/1472453918469390396/pokemon.jpg?ex=6a7aa913&is=6a795793&hm=f8b50e89d04d38e274ad947594b87dab3bc7eeb10ae7ebe15598a3b4808c3ad7&
311,1471200339448434802,Pokétwo#8236,950.png,116,https://cdn.discordapp.com/attachments/1468632832925765786/1471200339666403348/pokemon.jpg?ex=6a7ab6d6&is=6a796556&hm=4dd9f077c7d7e2bdcb16e88c6cfd4bb5d7aae08ed130abc087ab236bebc7a63b&
389,1472449250683129857,Pokétwo#8236,415.png,93,https://cdn.discordapp.com/attachments/1468632834167275817/1472449251337310209/pokemon.jpg?ex=6a7aa4ba&is=6a79533a&hm=6459e2ff5d2848f2fe45ee7051c29bbfd627dbccdb0da9549282a49ab3f1fa93&
450,1472380249462538313,Pokétwo#8236,361.png,8,https://cdn.discordapp.com/attachments/1468632835131965462/1472380253589471273/pokemon.jpg?ex=6a7a6477&is=6a7912f7&hm=b72ef5c07d042bb8323cecc67c53b1e013dd88bcdeda110c2b3ce3e847ba3e12&
139,1472441637895409736,Pokétwo#8236,912.png,76,https://cdn.discordapp.com/attachments/1468632829306081497/1472441638260572310/pokemon.jpg?ex=6a7a9da3&is=6a794c23&hm=31c60205876a1eb6f98084f5fd32ee8d36963fbfbad4c58f41fc66033c5a706e&
161,1472427365375414347,Pokétwo#8236,436.png,82,https://cdn.discordapp.com/attachments/1468632829754867718/1472427365454843965/pokemon.jpg?ex=6a7a9058&is=6a793ed8&hm=f85d4d3cdb49deed4c77c24b681a8f63f5e83681ec3176b37342e091470bca0b&
132,1472328706730230057,Pokétwo#8236,10221.png,103,https://cdn.discordapp.com/attachments/1468632829150888135/1472328707053195274/pokemon.jpg?ex=6a7add36&is=6a798bb6&hm=9e8ccc6ca6b35a072875afaca0549d0199ca5dab477b3106d4f4a1d0f14992e4&
119,1472386134796533953,Pokétwo#8236,20.png,97,https://cdn.discordapp.com/attachments/1468632829008023555/1472386135199322153/pokemon.jpg?ex=6a7a69f2&is=6a791872&hm=e1b8fd34a7971cd813f1ef1ebc79747a2437e50498f268721cdc54b83909fa61&
379,1472391277327945860,Pokétwo#8236,522.png,36,https://cdn.discordapp.com/attachments/1468632834016022628/1472391277524811912/pokemon.jpg?ex=6a7a6ebc&is=6a791d3c&hm=43f6e645aeb902ede94d468aecb98c6ceb9e839ebc68f44be16a29a9af5a7918&
168,1472473001403613306,Pokétwo#8236,10222.png,16,https://cdn.discordapp.com/attachments/1468632829897478157/1472473001550417980/pokemon.jpg?ex=6a7abad8&is=6a796958&hm=142611c557b4edabb51ca44f6ba8f60f4d074ae8bf9aa8d081c679b0598b80cc&
16,1472158713023434878,Pokétwo#8236,29.png,72,https://cdn.discordapp.com/attachments/1468632826495766800/1472158713291735171/pokemon.jpg?ex=6a7ae7a4&is=6a799624&hm=70727c768405e56e32077a2a545501013dbdf1ff593cafd246857f51d43b2b38&
128,1472340462747783188,Pokétwo#8236,496.png,64,https://cdn.discordapp.com/attachments/1468632829150888131/1472340462840053863/pokemon.jpg?ex=6a7ae829&is=6a7996a9&hm=0565b281ea9c04ae02d3be16a301ee5e691208f989671393ca6328312bf50783&
442,1472339738944999626,Pokétwo#8236,962.png,35,https://cdn.discordapp.com/attachments/1468632834993295567/1472339739037138954/pokemon.jpg?ex=6a7ae77c&is=6a7995fc&hm=05386a123a0b85a27f48644051d2ad5704b85e322ad92e79493189458cc80ba0&
173,1472478180844638219,Pokétwo#8236,921.png,41,https://cdn.discordapp.com/attachments/1468632829897478162/1472478180957753465/pokemon.jpg?ex=6a7abfab&is=6a796e2b&hm=f4db234fd45be5706f6479f37488f39d21fa29d236a48bde20012a9c746c2320&
30,1472441147119898696,Pokétwo#8236,111F.png,65,https://cdn.discordapp.com/attachments/1468632827095421052/1472441147271020684/pokemon.jpg?ex=6a7a9d2e&is=6a794bae&hm=71a94b64fac272713bc349f509a7b04f6db3534e52e0efe25ef7d883f137e83a&
58,1472481673839906930,Pokétwo#8236,270.png,69,https://cdn.discordapp.com/attachments/1468632827523240143/1472481673978450111/pokemon.jpg?ex=6a7ac2ec&is=6a79716c&hm=96729dc462530190e425c7c4ed1e9df5c31a8afacafde32ffd46539329505429&
43,1472362306569768980,Pokétwo#8236,456F.png,98,https://cdn.discordapp.com/attachments/1468632827217313982/1472362306628358225/pokemon.jpg?ex=6a7afc81&is=6a79ab01&hm=44417915ed7674d51fe9faaaa0eb24e89d09986b7a51486cc60af28e24ffeb09&
126,1472464903414616085,Pokétwo#8236,635.png,63,https://cdn.discordapp.com/attachments/1468632829150888129/1472464903695499345/pokemon.jpg?ex=6a7ab34e&is=6a7961ce&hm=98c5a1a75e24189b084ab36d7a7938a39721a405784664b00333318500b3a3a0&
75,1472415569008525434,Pokétwo#8236,107.png,73,https://cdn.discordapp.com/attachments/1468632827678560292/1472415569381953577/pokemon.jpg?ex=6a7a855b&is=6a7933db&hm=c413431c7be05402dc99f4797c10494fb545ea00d44b59e62d03ed73930a291b&
280,1472474222294073345,Pokétwo#8236,608.png,99,https://cdn.discordapp.com/attachments/1468632832334364832/1472474222558187652/pokemon.jpg?ex=6a7abbfb&is=6a796a7b&hm=43b59d6218e425fbdb7bc86d7c3aee72db2080200eaf3af133778e1a76d59991&
331,1472334836424511534,Pokétwo#8236,270.png,60,https://cdn.discordapp.com/attachments/1468632833294860443/1472334837179355340/pokemon.jpg?ex=6a7ae2eb&is=6a79916b&hm=2c2a90dc0ae7932aa722ccd096cfe752e4372f4350106ca59e9a77bf93e5c07d&
164,1472469290111467574,Pokétwo#8236,868.png,9,https://cdn.discordapp.com/attachments/1468632829754867721/1472469290266660986/pokemon.jpg?ex=6a7ab763&is=6a7965e3&hm=bdf21f89d7a8d7249c371a27f1303c100a44ff63d4c48f82872ae553193bd895&
166,1472327960831983799,Pokétwo#8236,10255.png,42,https://cdn.discordapp.com/attachments/1468632829897478155/1472327960953622691/pokemon.jpg?ex=6a7adc84&is=6a798b04&hm=dc09858241da745aa8a6eb72cb15ec50e87beb641b21dbf1db7bb6c97548f6ca&
162,1472462696535425099,Pokétwo#8236,910.png,81,https://cdn.discordapp.com/attachments/1468632829754867719/1472462697038614693/pokemon.jpg?ex=6a7ab140&is=6a795fc0&hm=e270ff8f9c0206cf84315213f9ecac57ed842b219d675a0ebe0463ae1323d517&
11,1472242858026074184,Pokétwo#8236,148.png,45,https://cdn.discordapp.com/attachments/1468632826495766795/1472242858605023475/pokemon.jpg?ex=6a7a8d42&is=6a793bc2&hm=8046e4688b9be73a974df99f0d6a650ac2502b0728df4a7390eb30bcf4073f52&
322,1472345927049019557,Pokétwo#8236,912.png,66,https://cdn.discordapp.com/attachments/1468632833068110120/1472345927166722168/pokemon.jpg?ex=6a7aed3f&is=6a799bbf&hm=ed8552393af60e820b325a346fb66232a6a4ba632f73db6db5ee43f03d4e0b44&
248,1472428843934679123,Pokétwo#8236,679.png,83,https://cdn.discordapp.com/attachments/1468632831742967915/1472428844391731354/pokemon.jpg?ex=6a7a91b8&is=6a794038&hm=6b6b90cf2114b6fb1eb81261d4611e306c72eb48f01dfbc18b2fa3a96164ea56&
10,1472488497284780083,Pokétwo#8236,816.png,78,https://cdn.discordapp.com/attachments/1468632826495766794/1472488497418993870/pokemon.jpg?ex=6a7ac947&is=6a7977c7&hm=d8a3f2159fda7daa6f8d3dfc6c3b0bc341e22eb5aa8092e15f216be61066e044&
457,1472184010225750111,Pokétwo#8236,822.png,63,https://cdn.discordapp.com/attachments/1468632835303936110/1472184010724610151/pokemon.jpg?ex=6a7aff34&is=6a79adb4&hm=6b42fd418fecc127aa6854dd50e50d37328958f428d18a281519f8ad82dc5774&
338,1472472493594771506,Pokétwo#8236,126.png,62,https://cdn.discordapp.com/attachments/1468632833294860450/1472472493746032650/pokemon.jpg?ex=6a7aba5f&is=6a7968df&hm=4a28532835152af721c314fa239f37b9dc4c0b6828beb33a279a3392ba8f396e&
129,1472329198533087294,Pokétwo#8236,273.png,10,https://cdn.discordapp.com/attachments/1468632829150888132/1472329198650785814/pokemon.jpg?ex=6a7addab&is=6a798c2b&hm=79783e11ec770786b92d5ed009949cd8b43a8bd4b024c3cd6ba03686225a339c&
380,1472404312549495028,Pokétwo#8236,816.png,59,https://cdn.discordapp.com/attachments/1468632834016022629/1472404312633376833/pokemon.jpg?ex=6a7a7ae0&is=6a792960&hm=57bd335d067067c94aa712e2a9740d22aae62f7f3eadd07a8a3935ca11f1f998&
1,1472436970390163588,Pokétwo#8236,672.png,39,https://cdn.discordapp.com/attachments/1468632826202161260/1472436970503536721/pokemon.jpg?ex=6a7a994a&is=6a7947ca&hm=64e39babf0ae514212db1eb12f20ee3915d5ccafc10eda289bd7892358be0e02&
111,1472131421798797332,Pokétwo#8236,141.png,84,https://cdn.discordapp.com/attachments/1468632828660158490/1472131421878616124/pokemon.jpg?ex=6a7ace39&is=6a797cb9&hm=1358043a4a6adb91c3a6d68936ed3ba11a1a88bfb55961b266f26418fded84d9&
308,1472360374270562448,Pokétwo#8236,270.png,75,https://cdn.discordapp.com/attachments/1468632832783155442/1472360374513827932/pokemon.jpg?ex=6a7afab4&is=6a79a934&hm=f906e1151a81c03947280413aa01149245399d265f16136bc47e30ad02ff0b00&
445,1472264440253649109,Pokétwo#8236,61.png,108,https://cdn.discordapp.com/attachments/1468632834993295570/1472264440480272454/pokemon.jpg?ex=6a7aa15b&is=6a794fdb&hm=779a4583595ffc7fcc2e1fbfeaf459f2a0d4f51fbc160643b725272453838fdf&
440,1472490924184698901,Pokétwo#8236,924.png,17,https://cdn.discordapp.com/attachments/1468632834993295565/1472490924612386919/pokemon.jpg?ex=6a7acb89&is=6a797a09&hm=db8142f0f1b464934105f8ab8df1d191ccf33ef1e456eb3cd08c29e7094f2774&
454,1472488247094673458,Pokétwo#8236,821.png,75,https://cdn.discordapp.com/attachments/1468632835131965467/1472488247161786593/pokemon.jpg?ex=6a7ac90b&is=6a79778b&hm=7c8e1ff4ed8da797b1869adb6b7c57dace96b99383754a8a32ea13c986c8025c&
226,1472247286632288412,Pokétwo#8236,996.png,49,https://cdn.discordapp.com/attachments/1468632831021551628/1472247286930215024/pokemon.jpg?ex=6a7a9162&is=6a793fe2&hm=303bd86a0e9eb45f36a6588cae28d8b87af242d475e809ef70363eac53f855b5&
400,1472468316298805379,Pokétwo#8236,41F.png,64,https://cdn.discordapp.com/attachments/1468632834335051902/1472468316571439105/pokemon.jpg?ex=6a7ab67b&is=6a7964fb&hm=789c4c832eb114591e1570f1b14015d1e2aebc2e70dde1390638b89689ab45f4&
134,1472392000115577028,Pokétwo#8236,938.png,31,https://cdn.discordapp.com/attachments/1468632829150888137/1472392000207847645/pokemon.jpg?ex=6a7a6f68&is=6a791de8&hm=49f82e926e6e6004dca3d8bb38ac2b89fb7d93b9a54fa35e0acbe833d6f5d16f&
198,1472343976072843305,Pokétwo#8236,390.png,63,https://cdn.discordapp.com/attachments/1468632830463709197/1472343976458846289/pokemon.jpg?ex=6a7aeb6e&is=6a7999ee&hm=859e756875f50785932348ce8bf94da7d44ba93b0b151487eb528ed0d9e28802&
398,1472436473717588133,Pokétwo#8236,447.png,28,https://cdn.discordapp.com/attachments/1468632834167275826/1472436474044612649/pokemon.jpg?ex=6a7a98d3&is=6a794753&hm=a7bf29936fe487a66e65a1309634963591fcffa5f8f9a15e239b86f1bd3215ad&
138,1472475702598176955,Pokétwo#8236,346.png,62,https://cdn.discordapp.com/attachments/1468632829306081496/1472475702833053802/pokemon.jpg?ex=6a7abd5c&is=6a796bdc&hm=05b7925fcd0ed1d8c3aa30ba9dfc1dd45c34ec26fd59ac696f19dfd71de9b846&
429,1472303035630882898,Pokétwo#8236,652.png,71,https://cdn.discordapp.com/attachments/1468632834817396818/1472303035819757588/pokemon.jpg?ex=6a7ac54d&is=6a7973cd&hm=4d0aa7e1cce1ca9464b4c0b62e0d311c97983190fc805667bc76e05ef28a31a1&
461,1472297576253489236,Pokétwo#8236,140.png,52,https://cdn.discordapp.com/attachments/1468632835303936114/1472297576676987178/pokemon.jpg?ex=6a7ac038&is=6a796eb8&hm=32ce6dab8c4bdf68d5d6f8aa67945b9b01aee44b9a7addf1caf460f78f53c78b&
362,1472389826434039818,Pokétwo#8236,61.png,109,https://cdn.discordapp.com/attachments/1468632833752039519/1472389826580971530/pokemon.jpg?ex=6a7a6d62&is=6a791be2&hm=65cf3d5a4cdcff79138a17eb844bc189c158a749651a96f3da407863cfa90140&
444,1472476681691201677,Pokétwo#8236,957.png,71,https://cdn.discordapp.com/attachments/1468632834993295569/1472476681800257566/pokemon.jpg?ex=6a7abe46&is=6a796cc6&hm=457174e427d58fd1cddb8721bbddb495501eda8309343487fa47ad8e8378c8e7&
131,1472314029987991728,Pokétwo#8236,363.png,130,https://cdn.discordapp.com/attachments/1468632829150888134/1472314030075941004/pokemon.jpg?ex=6a7acf8b&is=6a797e0b&hm=15976fc3c536335ed3bf1b425f266886b6bac4da03fa35940dc7dd81b94fc66f&
204,1472451474402578554,Pokétwo#8236,540.png,11,https://cdn.discordapp.com/attachments/1468632830627025116/1472451474742050897/pokemon.jpg?ex=6a7aa6cc&is=6a79554c&hm=ad9a468f0f862ac28a5c3564b40de5f059efee887f8ffac0577c8f9df8ddf5ff&
472,1472311792280535203,Pokétwo#8236,10027.png,34,https://cdn.discordapp.com/attachments/1468632835458863181/1472311792540712960/pokemon.jpg?ex=6a7acd75&is=6a797bf5&hm=f03260ca273ba013f890fc9eafff7f71f9d390524dd4b4a103ec83a81deaa9e2&
402,1472481179558215843,Pokétwo#8236,760.png,31,https://cdn.discordapp.com/attachments/1468632834335051905/1472481179717341215/pokemon.jpg?ex=6a7ac276&is=6a7970f6&hm=4fb98fca0e28cb8a1198ff3aae84eea07562264a3a26af12b2e86c72846bec65&
217,1472458079412158554,Pokétwo#8236,736.png,75,https://cdn.discordapp.com/attachments/1468632830799122599/1472458079818874880/pokemon.jpg?ex=6a7aacf3&is=6a795b73&hm=df77baa9158b21a5c484a07b5fcea2356e3aa5f5ceb03b6ded94130191258118&
209,1472454896367177789,Pokétwo#8236,613.png,66,https://cdn.discordapp.com/attachments/1468632830627025121/1472454896451059979/pokemon.jpg?ex=6a7aa9fc&is=6a79587c&hm=f2a4f04d346492f2b3c99e6b34dba5aa17b3b2ce9dc4880a48ba4720610f2edc&
348,1472456347487436900,Pokétwo#8236,564.png,40,https://cdn.discordapp.com/attachments/1468632833475219594/1472456347583774730/pokemon.jpg?ex=6a7aab56&is=6a7959d6&hm=5c3e2156075480f4cf7b818a6481c483064e4ceca8c955aa687209ed5ab4e4a6&
314,1472425151919558798,Pokétwo#8236,996.png,36,https://cdn.discordapp.com/attachments/1468632832925765789/1472425151990595636/pokemon.jpg?ex=6a7a8e48&is=6a793cc8&hm=f3b233b7702702c377f1700fe6952f8aca897ffdadbc9ed7f6f4524cc00233f1&
276,1472246290988531965,Pokétwo#8236,664.png,28,https://cdn.discordapp.com/attachments/1468632832334364828/1472246291080941768/pokemon.jpg?ex=6a7a9074&is=6a793ef4&hm=f19e03941cad0a9781dbf5bd9025dce11f88d6cfd2b45f1dd12529f816f9f4e1&
288,1472397879510569169,Pokétwo#8236,818.png,15,https://cdn.discordapp.com/attachments/1468632832481169475/1472397879980199956/pokemon.jpg?ex=6a7a74e2&is=6a792362&hm=9bdebac76c61e8fa2a8e19e827e1b4acd79bb12879112ee576ec483780489578&
272,1472383696093843663,Pokétwo#8236,434.png,112,https://cdn.discordapp.com/attachments/1468632832334364824/1472383696634904819/pokemon.jpg?ex=6a7a67ac&is=6a79162c&hm=fb962fa402931859dc2194ef8569f6df700c5e2760f00460935d0211df92a0b9&
434,1472270811338379335,Pokétwo#8236,535.png,91,https://cdn.discordapp.com/attachments/1468632834817396823/1472270811711930472/pokemon.jpg?ex=6a7aa74a&is=6a7955ca&hm=1d3f6907b0468d578e3869d99ee92a4da8d271196b09f40fd2430a24cd41881d&
263,1472445066701312094,Pokétwo#8236,554.png,24,https://cdn.discordapp.com/attachments/1468632832208277732/1472445067145773241/pokemon.jpg?ex=6a7aa0d4&is=6a794f54&hm=68d4018e21fe02cb138daeb4163281c5b286b7517691358b935fea631a04a94f&
324,1472389335226519722,Pokétwo#8236,147.png,97,https://cdn.discordapp.com/attachments/1468632833068110122/1472389335348412610/pokemon.jpg?ex=6a7a6ced&is=6a791b6d&hm=a8159f9c8f9ed27764b986e0a60531c453dfc4d329c3cb6fbfe752102a07d975&
221,1472419494608633948,Pokétwo#8236,175.png,130,https://cdn.discordapp.com/attachments/1468632830799122603/1472419494717558915/pokemon.jpg?ex=6a7a8903&is=6a793783&hm=bef5cc659f52db1ec2dabcee638127457f2ca98c64fca0fe9e8ed32471e579aa&
477,1472428090209730653,Pokétwo#8236,921.png,40,https://cdn.discordapp.com/attachments/1468632835911979038/1472428090444615835/pokemon.jpg?ex=6a7a9105&is=6a793f85&hm=4ec628ceab8e626198c1c92b145ceec89dee063bf9de0a208acb7125437a9f05&
318,1472321761000296469,Pokétwo#8236,577.png,135,https://cdn.discordapp.com/attachments/1468632832925765793/1472321761218396160/pokemon.jpg?ex=6a7ad6be&is=6a79853e&hm=a078b45cbb2a9dec0bdb6d57ec35236d19daa668ee7de1e931f594ddd4fea2d2&
361,1472256611182706800,Pokétwo#8236,562.png,48,https://cdn.discordapp.com/attachments/1468632833752039518/1472256611354546360/pokemon.jpg?ex=6a7a9a11&is=6a794891&hm=eb6a1656db296f8755d5fcf32a0c8d2d7c4e686314b9993bcb573f3e6c2a7eac&
50,1472159325291020514,Pokétwo#8236,946.png,34,https://cdn.discordapp.com/attachments/1468632827406061795/1472159325500866630/pokemon.jpg?ex=6a7ae836&is=6a7996b6&hm=7398ca9a46932e184d06bdfce5405eff03a3a7d7632b1d96fd3bfb4a081d0ecc&
350,1472382207342411880,Pokétwo#8236,539.png,49,https://cdn.discordapp.com/attachments/1468632833634340876/1472382207757779013/pokemon.jpg?ex=6a7a6649&is=6a7914c9&hm=59e6529b7ff8c825840cababa9cf7187faa2f6506d1a69ddc0221f848442df2c&
340,1472352764599468153,Pokétwo#8236,64.png,15,https://cdn.discordapp.com/attachments/1468632833475219586/1472352764725301444/pokemon.jpg?ex=6a7af39e&is=6a79a21e&hm=dcea4cbbe3c1e4aa58234bc0f112f87ade9e7ed8c8e349bdf19c8bacd96139fa&
86,1472459560815034594,Pokétwo#8236,574.png,46,https://cdn.discordapp.com/attachments/1468632827947126825/1472459560944926762/pokemon.jpg?ex=6a7aae54&is=6a795cd4&hm=8da99847d21089a2b67b34abda7efffbd7673e21652029402315951b558028f5&
327,1472420962480689183,Pokétwo#8236,828.png,31,https://cdn.discordapp.com/attachments/1468632833068110125/1472420962669691105/pokemon.jpg?ex=6a7a8a61&is=6a7938e1&hm=fcbfb1dc800f0626dfdb11a8a1bd62b347c7477230ca92e9f3d592cd5ee9aabb&
435,1472455137883721873,Pokétwo#8236,524.png,72,https://cdn.discordapp.com/attachments/1468632834817396824/1472455138143899669/pokemon.jpg?ex=6a7aaa35&is=6a7958b5&hm=f08fa22b7cdc159c9fbd6b9aca173f455cd63d9e8a1e28837314e58578135921&
5,1472385892378345483,Pokétwo#8236,912.png,21,https://cdn.discordapp.com/attachments/1468632826202161264/1472385892470755523/pokemon.jpg?ex=6a7a69b8&is=6a791838&hm=3aaa98fb5056d866dfcbc249c6e1ff39e04cf7b673b57773e54b6a92caf39bcc&
47,1480087288515137588,Pokétwo#8236,403F.png,65,https://cdn.discordapp.com/attachments/1468632827217313986/1480087289194483854/pokemon.jpg?ex=6a7abeb4&is=6a796d34&hm=0056b5d768b9c30ad9d971d6fc58f534631635514c82ad3ea3729d539cfe034a&
101,1472487993158795355,Pokétwo#8236,216.png,89,https://cdn.discordapp.com/attachments/1468632828362358954/1472487993452531764/pokemon.jpg?ex=6a7ac8cf&is=6a79774f&hm=f7dd3ffcbc575d74f3a45363c8c9e9bead41638d479aa67294007325f66cd3d6&
404,1472386625056018606,Pokétwo#8236,333.png,34,https://cdn.discordapp.com/attachments/1468632834335051907/1472386625458933952/pokemon.jpg?ex=6a7a6a67&is=6a7918e7&hm=4f0954dd1c1cafdbcdf5df6139ca74d063de271d8833da9e4edff77cd1ff08fa&
455,1472268841462792425,Pokétwo#8236,837.png,66,https://cdn.discordapp.com/attachments/1468632835131965468/1472268841609597099/pokemon.jpg?ex=6a7aa575&is=6a7953f5&hm=9fc3d459d613308f1fa7c3b9fd140e3fed35b7ac07634b5986207da8ebcee76c&
55,1472444068419211440,Pokétwo#8236,1000.png,28,https://cdn.discordapp.com/attachments/1468632827406061801/1472444068608082074/pokemon.jpg?ex=6a7a9fe6&is=6a794e66&hm=787acd0817b865009b884ec64709d8f830909f6df92102d9a3981cb005cff4a7&
260,1472370432471601224,Pokétwo#8236,119F.png,158,https://cdn.discordapp.com/attachments/1468632831902355737/1472370433029308523/pokemon.jpg?ex=6a7b0412&is=6a79b292&hm=0d23ee6310d6e8b112022430e0faa00f821a6ac447c377bcc82cd7bc83cc2f6f&
6,1472447024866787483,Pokétwo#8236,924.png,14,https://cdn.discordapp.com/attachments/1468632826202161265/1472447025126572114/pokemon.jpg?ex=6a7aa2a7&is=6a795127&hm=0562ce1c675f08d96c3e36812932298db470cc0c4b55e49e0588cacc8514bacc&
295,1472475459697770579,Pokétwo#8236,355.png,74,https://cdn.discordapp.com/attachments/1468632832627707938/1472475459848769566/pokemon.jpg?ex=6a7abd22&is=6a796ba2&hm=b20c46a8b5a5b05c23df8a0f1b91fc9f6368fd042c7183f08b6b20463f688bb0&
240,1472390309961793630,Pokétwo#8236,29.png,73,https://cdn.discordapp.com/attachments/1468632831277142204/1472390310267981978/pokemon.jpg?ex=6a7a6dd5&is=6a791c55&hm=1a0356059598ee6371ea98e2477be6f41d255e46970a7921e178c97f81d5ab1f&
71,1472484604253311070,Pokétwo#8236,506.png,87,https://cdn.discordapp.com/attachments/1468632827678560288/1472484604681257022/pokemon.jpg?ex=6a7ac5a7&is=6a797427&hm=0945b1dc19c40033ce034dcc743c8415f9c8dc4b27825f69c02da4d9894814c9&
391,1472421445387944067,Pokétwo#8236,755.png,37,https://cdn.discordapp.com/attachments/1468632834167275819/1472421445513777274/pokemon.jpg?ex=6a7a8ad4&is=6a793954&hm=17bb1fa5b143bbf7fc6f748678e4c15ded71a1037ce8e6e70b83f933252f53d3&
394,1472365044942770309,Pokétwo#8236,113.png,100,https://cdn.discordapp.com/attachments/1468632834167275822/1472365045160607859/pokemon.jpg?ex=6a7aff0d&is=6a79ad8d&hm=c80e469712f19ce5ee3f03395cf278f0504f5ead58a7d0f1be165e989215b1b4&
4,1472477417380642829,Pokétwo#8236,325.png,87,https://cdn.discordapp.com/attachments/1468632826202161263/1472477417552744611/pokemon.jpg?ex=6a7abef5&is=6a796d75&hm=abf06ce1e937412c4b5f2403a8363e7a036ff5f43a4cd29b90adc53b6fc0ff04&
